页码,用户名,城市,评分,评论,评论时间,有用数
1,炯之,广东,3,其实是一部十分鸡贼的影片，观众很容易将自己对街舞的欣赏等同于对电影本身的喜欢，其实这是综艺就能干到的事情，如果我那么想看街舞，我想我不会走进电影院看这个，市面上的街舞综艺可太多了。电影情节也极其模式化，每个人都是在某个时候干某个被安排好的事情，故事简单套路到可以一句话概括：冠军走了，替身来了，冠军来了，替身走了，冠军又走了，替身又来了……跟谈恋爱被甩找个备胎然后爱上备胎、前任又回心转意的故事一样套路…反正最后上场炸就完了，爽文虽好，但是过程是不是更重要呢？热烈或许更多地指向盛开，电影少了人物的成长，一切都是短平快，这就是这个时代最虚有其表的那种可以无限复制的产品。,2023-07-25 00:44:05,3531
1,没有去过沙漠,天津,4,杭州地铁是只有王一博和宋祖儿两个人坐是吧哈哈哈,2023-07-22 16:09:56,5056
1,正义B胜,上海,4,到这，可以正式把大鹏视为一个有质保的商业片品牌匠人了。《保你平安》也给了四星，但平心而论，《热烈》这个四星给得更实打实一点,2023-06-18 04:07:00,5080
1,掉线,北京,4,【B-】不得不感慨大鹏作为一名类型片导演，极其冷静理智的全局式创作观，实际上片子有非常多小问题，换个导演可能就会死磕，但大鹏知道要保证最好的观影效果并不是拼命做到完美，而是竭力扬长避短，所以他无视了那些问题，并选择强化出彩部分。故事套路没关系，舞蹈才是卖点。中段无趣没关系，结尾燃炸即可。剪辑突兀没关系，保证节奏和视听奇观更重要。人物前期铺陈不足没关系，后期情感戏做到位就行。并最终把一部主旋律任务（迎亚运）变成了水准之上的娱乐产品。这样的“精明”还体现在很多地方：题材既可满足下沉观众的刻奇幻想，又能承载小人物励志；量身定做的角色让本色出演的爱豆展现出生涯最佳演技。而精明之外，又依然看得到大鹏坚持的一贯表达：对成功无限渴望但也赞美失败，圆滑融入世俗却又总被赤诚纯真打动。电影市场这钱，他不挣谁挣？,2023-07-19 19:19:49,3036
1,大奇特(Grinch),上海,4,鹏导让我看到他始终相信电影，电影也就相信他。以洞悉小人物的视角，将台下的努力与台上的燃情一并呈现给观众。情绪铺设循序渐进，主角对街舞的执着没有错付，由替身转正。打破了国内传统体育竞技电影的刻板印象，大银幕上的街舞场面视听调性年轻、动感、时尚，具临场感和纪实性，最后一个动作是只有电影才能做到的“魔术时刻”。二“BO”的双主角为不同年龄段的观众带来了双重情感共振，由头脑出发的上一代也从下一代身上找回了初心。,2023-06-18 04:50:26,3010
1,来去之间,上海,5,太牛逼了！！！比保你平安还好！大鹏连着这么近两部还能有这么大的突破，真的太棒了！王一博最好的角色最好的电影，第一次get到他了，非常有魅力！以及黄渤老师，太酷了，都快忘了他说会跳舞的了，惊喜！电影里的热血沸腾，那种团魂那种坚持那种热爱！热力的不是青春，是我们！！！实在是太惊喜太棒了！,2023-06-17 23:41:34,7231
1,方枪枪,上海,4,大鹏导演是开挂了吧，怎么可以一部更比一部好。说实话，看之前其实对这个题材类型多少还是有些担心，但看完直接——“我去！”，什么叫惊喜啊，这就是惊喜！整部电影完成度很高，节奏感把握很好，既有街舞的炸裂与燃；也有小人物的不屈和成长——努力就会成功；演员和角色以及导演在这部电影里也有了奇妙的化学反应，陈烁这个角色更是让人看到了王一博在表演上的进步和提升。同时，热血励志之外，喜剧元素也很丰满，无论岳云鹏，还是台词玩梗，各种笑点与幽默融合自然流畅，看到底会让人笑着笑着就哭了。当《逝去日子》旋律响起，惊叹号表演时头皮发麻；当母亲为了让陈烁可以坚持他热爱的街舞，选择再次站到歌唱的舞台，喉咙哽咽……上映后会二刷，三刷。8.5分,2023-06-18 15:13:16,3303
1,馥雅,安徽,3,看完不禁感叹男导演镜头中是真没女人啊，惊叹号街舞团里唯一的女性舞者镜头少的可怜，最后的街舞大赛中每个人都有漂亮的solo镜头，只有女性舞者没有，并且在大远景中能看出整个赛场上女性选手或评委几乎为零，另几个女性角色如妈妈、女友和丁雷前妻则全程工具人，没有来处也没有归途，存在的意义就是给逆袭路上的男人们提供情感支持。好一部男主外女主内的东亚特色屌丝逆袭大电影啊！！！,2023-07-28 14:35:37,1512
1,小老k,浙江,3,其实对手比较强...,2023-07-28 14:46:46,1446
1,冰镇西瓜橘子水,云南,4,第一次觉得王一博是有演技的不再是无名或者长空的逼王人设而是一个热爱街舞的小青年看到妈妈唱歌落泪以及被黄渤饰演的教练放弃之后的状态都演绎的很好,2023-07-26 11:08:53,385
1,高詩遠,北京,2,最顺眼的一部王一博，但不像是近两年的大鹏会拍的作品，看不到他的个人风格，跟《奇迹·笨小孩》一个路数，要燃要坚持，迟早会成功。背景音乐+闪回+升格三件套，从头用到尾，很商业的拍法，导致整部片子像MV大拼盘，这样想不煽情都难。宋祖儿这个角色存在的意义，可能就是为了把男主拉进无人的杭州地铁这一异次元时空，让他能在里面专心跳舞。剧情俗套无比，看开头知结尾。凯文富到流油却请不起翻译，这么尴尬的笑点还不如直接删掉。烁哥刚到惊叹号训练场地用了一个长镜头介绍人物，但借一个与整部片子毫无关系的小女孩的口说出来实在不高明。让一个非惊叹号正式舞者的人去跳垃圾桶商演，甲方居然一点意见都没有。饭桌上大家开始分享为什么跳舞，又整得跟在采访一样不自然。但是头和尾是真的好看啊，大鹏应该拍一部综艺大电影，让他们跳两个小时。,2023-07-22 16:56:48,2319
1,见字如晤,浙江,5,上次有幸抽到名额提前看了，我就说一些我个人相关的变化吧。这半年我患上抑郁症，班也不想上，甚至想……但是你们知道吗？看了这部电影，我竟然心情放松了很多，因为不去想那些难受的事情了。释放了我很多情绪，我有力气起床去上班了！7.28上映后我要多看几遍，确实给到我力量了！谢谢大鹏！,2023-07-13 00:23:05,5809
1,狼矛,广西,3,点映。故事是很老套的励志电影，小问题很多，煽情点很生硬，最多三星。,2023-07-22 15:44:48,2602
1,雾都一枝花儿,北京,3,刘敏涛老师唱歌那场戏，我脑海里自动循环播放《红色高跟鞋》👠,2023-07-11 00:39:42,1214
1,嘟嘟熊之父,北京,4,励志电影的杰作，以一种更市井、更热血、更具类型动力的方式改写《喜剧之王》。构建一个理性冰冷的商业社会，每个人对应明确的价格，不利用话术或骗局制造反转（同类型电影往往采取的套路），仅仅摆出商业条件与决策，用最简单坦诚的话语，却远比欺骗更加残忍。于是，删除微信的一幕才更令人心碎，难以逾越的围墙在银幕里被具象化，同时唤起银幕外我们相同的经验。梦想不再是轻飘飘的口号，它与生计紧密相连：在地铁、夜市、洗车店独自跳舞；更多“失败者”加入，套上垃圾桶跳舞；终于站上舞台，像庆祝节日一样，与所有人一起跳舞。电影让悲观主义者放下怀疑，与喜欢的人做荒唐的事，每个人都值得一次狂欢。,2023-07-22 16:52:27,1760
1,魂,广东,未知,【203.7.24】避免讨论歪掉补充一下对正片的观感：大鹏属于基本功比多数创作者扎实很多的导演，相对通晓怎么用公式来讲述完整的故事。也由于他知道怎样高度依靠剧作里的人物成长而不是演员的表演来塑造影片的主角，本片避免掉了《无名》里那种面瘫式演技再次上演，让观众看到最后基本没觉得跳戏（再次证明他完胜很多导演）。但也因欠缺一些个人发挥，电影整体的情感冲击始终差口气，甚至有的桥段（人物分道扬镳）和先前《八角笼中》一样似乎就只是在移植药神那场饮酒道别戏，越到后期观赏性越低。并且街舞桥段的活力实在是不足（无法靠身体语言来展示场上形势，完成叙事），很少能调动起人的情绪。看到最后只能说它是部没大毛病和亮点的电影。——————【2023.7.22】2022年举国清零封控中，这种大型街舞比赛活动是怎么批下来的？,2023-07-22 16:35:28,564
1,一朵花儿,上海,5,大鹏真的牛掰，上半年看了他的保你平安感觉已经列入本人的年度最佳电影了，没想到这次的热烈直接燃起来了！通过大鹏导演看到了溢出银幕的热血力量，热烈在这个夏天给我燃起来！,2023-06-17 23:43:47,5895
1,西西弗推巨石,上海,3,点都有，都是功能性人物，底有点薄，但是梗也都到位了，有些片段有点尬。其实主旋律和命题作文这事，中国人真的处理的越来越好了，从音乐到电影。大部分的确都在杭州取景，甚至在尚城利星搭个天台，和前妻的立体停车库还有2000+的ktv有点显眼包？,2023-06-18 00:16:43,1065
1,栗,广东,3,我不满的是对生活的苦难是没有想象力的。一个一天打三份体力工种的年轻人，真有体力晚上能再坚持学街舞吗？一个家庭重担压在身上的人，真的有试错成本让他抬头去追逐梦想，让他在五万块钱面前动摇都没有动摇过吗？这是什么真空想象力，对人性毫无洞察。这个故事整个立足点好像是倒推回去的，拍一个巨星在成名之前如何坚持自己的梦想，但不是啊，这个故事不明明是一个无名小卒如何在一片迷雾一样的未来里，怎么样不确定自己能成功的情况下，依然想离梦想靠近一步的故事吗。这个故事给我的感觉是，你只管刮，一定是特等奖。我以为这个故事的剧本底层逻辑是，我已经刮出一个谢字了，可我还想刮刮看。,2023-07-23 20:05:38,527
1,朝暮雪,四川,3,作为一部励志片，一点都不励志，反而产生了截然相反的效果，整部电影处处都在告诉你：认命吧，你就是个普通人。陈烁成功不是因为他努力，而是因为他是百年难遇的跳舞奇才，以前他没有老师，自学街舞就略有所成。有教练后他更是突飞猛进，三个月不到就学会了肘抛、单肘连抛、所有队友的绝招，以及“惊叹号”。丁雷那么天才都没做成的动作，他在极短时间内就学会了，堪称天才中的天才。至于凯文，他除了有点装X之外没有任何缺点，身为富二代他不喜欢吃喝玩乐，就喜欢跳舞，还跳得那么好。比你优秀，比你有天赋，还比你努力。所以不要纠结做陈烁还是凯文了，我们大部分人只能纠结做那个家电销售还是彪彪，要么像家电销售那样早点认清现实，放弃梦想，安心上班，要么像彪彪那样不顾父母的反对坚持10年，最终发现自己根本不是那块料，还是只能去上班。,2023-08-01 19:06:53,163
2,星星泡饭,安徽,1,看影评都说好看，看完后大失所望，故事太老套，再也不相信流量电影的好评了……,2023-07-29 13:50:03,1494
2,张咏轩Wayne®,内蒙古,2,观感跟大V的胡吃海塞闭眼夸天差地别，很套路的励志题材，于大鹏是有进步的，但稍有阅片量的观众就会发现这样的进步只体现在那撮人的领域里，能把老掉牙的故事依托后期制作不那么平白直给，能把国内街舞可达到的极限空间拍出语境凌厉感，这也许就是他们的进步与狂欢，但放眼望去类型片可丈量的维度与拓展，还不足以匹配现下片方甚至观众给出的声势与自信。从豆瓣评论区直接砍掉最新发言区的操作看来，又是一场规避流量浩劫与是非的特例体现，铺天盖地的满星与好评被置顶在热门区域，无不是接二连三宣布点映的口碑被发酵的意义。这个电影除了黄渤的角色比较有完整人物弧线外，全员是被棱角磨平的工具人嵌板，庸常拙劣禁不住细想，类运动题材均可套用的文本把戏，剧情没有说服力，口号喊的空洞，后20分钟的眼花缭乱也没有燃，只有努力设计的假嗨。★★☆,2023-07-23 12:50:18,1848
2,空山,北京,2,没有B故事的电影就像一盘散沙，不用风吹，走两步就散了。,2023-07-28 19:00:59,115
2,灰色堡垒,广西,4,应该是国内最好的街舞电影了，不出镜的大鹏才是最好的大鹏，王一博就应该拍这种电影。可惜宋祖儿完全不会演戏，她那个角色也没有作用，还不如把戏份都给王霏霏。,2023-07-27 23:48:43,219
2,饿霸地煮,上海,2,被友邻评分欺骗系列。很平庸的励志三幕剧，词写得不行，不生活，没有融入真正的街舞文化，加上街舞表演，像个街舞综艺的番外篇。还有那个男主表演太木了，每场戏都在等别人说台词，间隔一两秒再给反应，看他演戏空气都是凝固的、内塌的…,2023-07-26 17:35:49,1199
2,连城易脆,上海,5,《热烈》真的是片如其名，足够热烈！当之无愧作为上映节闭幕影片！尤其是电影的结尾，溢出银幕的燃爽真的有点儿把观影现场点燃的劲头，有那种沉浸式体验的感觉了。相信这次王一博可以凭借本片大幅度赢得路人好感度。而大鹏真的算是当下中国大陆最擅长拍摄商业类型片的导演之一了！在本片的处理上，非常娴熟，一点儿都不拖泥带水，简洁、纯粹以及热烈，充分展现了街舞本身的魅力，最后总决赛的剪辑也非常凌厉。而大鹏最近也在上影节成为新晋金爵影帝，给他颁奖的也是本片的主角黄渤。考虑到前不久上映的《保你平安》口碑票房双丰收，这次《热烈》也有希望在暑期档创造不错的成绩，大鹏或许真的是这个夏天最幸福的电影人了。我相信《热烈》是一部看完以后忍不住想要去安利一下的电影，而中国电影市场也需要更多像大鹏这样优质的商业片导演。,2023-06-18 18:45:37,5263
2,阴天,安徽,2,如坐针毡！一点也不热烈，全方位假惺惺。,2023-07-26 17:52:51,527
2,孙大爷,北京,2,感觉导演编剧并不那么懂街舞，舞蹈的部分剪的太碎了，全是小景别。本身就是齐舞比赛。却看不到舞蹈的整体性，甚至个人赛的时候也看不到演员的整体动作，镜头一顿乱甩。情绪全靠音乐烘托，是怕观众看不懂舞蹈表演吗，多年前看过舞出我人生那段水中舞至今让我印象深刻。剧本也很粗糙，群像和丁陈的师徒关系都只浮于表面，没有一个刻画的很好。舞团成员聚在一起说自己如何坚持跳舞那一段看得我如坐针毡。论团魂，论热烈，论燃，论对街舞精神的展现，还不如这就是街舞的海选。真的很希望国产电影能做出好的展现街舞文化的电影。,2023-07-24 14:53:47,784
2,王大根,北京,3,黄渤演的是会跳舞的大鹏，王一博演的是大鹏手里的那把吉他,2023-07-29 01:27:08,83
2,一点星光,河南,1,就王那演技一星都多，可惜黄渤了,2023-07-28 16:21:12,1037
2,悠三岁,浙江,3,地铁有结界吗？只有王一博和宋祖儿能坐吗？你俩的感情线有啥必须存在的必要吗？陈烁这个人物挺适合王一博的，但真的看得很割裂，王一博气质和普通百姓有啥关系？一天要打几份工的年轻人身上看不到半点风尘仆仆和疲惫感，这合理吗？,2023-07-28 11:17:26,267
2,小植野,江西,2,【C—】不知道是不是大鹏最佳，但绝对是大鹏最算计最模版化的一部：身世凄惨四处奔波的草根主角，专门烘托主角成长的上头反派，和一票量产化的配角队友（经典环节讲梦想是真的扶额了）。好的地方以及热烈的点题全在街舞的比赛过程，类型元素都相当出彩，但一到角色的塑造和故事的推进就刻板到直出戏，像是量身定做的冲奖片，所有的人物故事都特别套路，很多地方更是直接不装了，一进全国比赛就是一对一，甚至决赛一分钟之内直接快进到让二追三破釜沉舟。为醋包饺子，发现饺子馅全是街舞，饺子皮一戳就破。当你需要鼓励的时候，家人会自动站到你身后，当你需要成长的时候，对手会自动为你作配。值得鼓励的还是比赛内容的地方，虽然主角紧张和音乐断了两场戏真的很粗糙刻意。,2023-07-22 17:01:07,919
2,滕雅望,北京,5,全院满座，看完片尾观众不愿意走的电影，久违了。,2023-07-22 17:34:48,3845
2,狂想族,江苏,2,感觉剧情有点套路啊，燃不起来，努力就会成功的故事在这个时代真的还能那么共情观众那么有说服力吗？,2023-07-23 10:23:23,775
2,随意,江西,1,浪费我电影票钱，真难看，不过我买的那个场也没几个人看，看来大家都觉得不好看，后悔自己没先看看影评，真浪费钱,2023-07-30 10:50:06,1145
2,西楼尘,江苏,4,还没到用纸尿裤兜住自尊的年纪，却到了吹一瓶啤酒都会喷的年纪。劝别人在舞台上不要有杂念，自己却在向舞蹈要名要利。这一辈子都用脑子在死磕全国大赛，却忘了用身体跟地板死磕。抬脚的时候鞋跟黏上地板，肘抛的时候关节刚刚愈合，头转的时候头盔早已刮花，原来不是我们拯救了世界，是热爱拯救了我们。,2023-06-29 22:01:13,421
2,189的毛绒绒,江苏,1,很差劲，难看至极，不该叫热烈，应该叫无聊。,2023-07-29 13:50:09,1125
2,We.Dong,山东,4,很商业很讨喜，虽说影片还是有很多地方感觉可以更好，想顾的点太多反而失去层次重心。但我就是吃怼脸硬燃这一套，也承认大鹏导/演一路成熟的进步。我总是在观影过程中想起《雄狮少年》，我也真的曾在深圳地铁见到一小姐姐在车厢里练舞，我也认出了跟丁教练视频云喝酒的老哥们包子是二十年前山东No.1Endless街舞社团的大南哥，我也想回到我曾经开始做梦坚持摄影的地方...一句“替我们跳下去”，一首适时而出的《给给》，一个说完“回来干死我”落在肩头的手，一位因为儿子而骄傲的伟大母亲，等等...更触动我的是穿着白衬衣在办公室里流泪起舞的彪彪，现实如此，追梦难，趁尚值年华尚有活力尚有激情，当给出该给的爱与热烈！,2023-07-25 23:05:33,583
2,悬旗,广东,2,如果好看的话也没这么难看,2023-07-30 16:49:54,302
2,Mr. Infamous,北京,4,头一次觉得“聚是一团火，散是满天星”有那么哀切的悲鸣，现实高高在上，彪彪要被打落成张翠彪，热爱要让位给资本，你我要一次次被碾压成关乎生存甚或只关乎温饱的选择，而相聚欢笑，无非暂且压制刺痛的一次精神慰藉，过后代驾、送餐、洗车、穿奥特曼或垃圾桶衣服表演。东北人大鹏再次选用了Beyond，《逝去日子》放在众声喧哗的闹热竞技里，节拍也稀释不掉内里的凄婉，所以热烈是什么呢？当梦想被煽情吃掉了皮肉，就只敢巴望一星半点的火花。它仅仅关乎一瞬，敬重与信任，诚意与掌声。那一瞬也终归会逝去，但在记忆里，可能会被填充成山河与岁月。有两幕很难抵御，一是母亲披着对逝去爱人的痛，笑着唱出那首老调，二是一张张纸条写满怀恋，璞真就在名利间虚构地闪耀。未来当然也不会多么好过，倔强前行便是。,2023-07-22 18:02:08,1167
3,叶梓,广东,1,不好看,2023-08-01 11:08:47,448
3,女神的秋裤,北京,5,年度最佳剧本！年度最佳表演（黄渤·影帝级）！真没想到，明明是喜剧，却看得热泪盈眶，也没想到大鹏能进步到这样的水平。搞笑不只是为了笑而笑，也确实好笑，但这笑声中却藏着辛酸，藏着对梦想与努力的自嘲，更蕴藏着对无奈现实的感伤，和对真情的感动，很有层次且高级。剧本和镜头语言很有内涵，每个人都能看到自己在生活中的影子，你总会被一个瞬间、一个镜头、一条信息和一首歌所打动。街舞的设计通俗易懂，让人身临其境，热血沸腾。王一博演技一般，但舞技真心让人佩服。到最后你一定会不由自主地打起节拍，即使没有音乐，你依旧会感受到热血在跳舞，感受到内心的悸动和感动，让你想起那份纯粹的热爱和坚持，不必怀疑，那是你内心的热烈！,2023-07-10 23:54:43,3314
3,风吹柳花香,江苏,1,一部无剧情尿点的剧，全程繁琐破碎，宣扬的小人物奋斗精神居然是退缩，最后的煽情非常做作！,2023-07-30 22:00:21,811
3,发条辰,辽宁,3,这部电影很奇怪，它的侧重点是不够清晰的。拍街舞不表达嘻哈精神、也不是纯讲家庭困难的傻小子奋斗故事或者商业社会的冷酷和人情世故。它讲了很多却很难让人感觉他的重点在哪里，简而言之就是情绪找不到宣泄口，到了最后给人的感觉更像是很中国化的街舞国家队宣传片。大鹏掌握了王一博的正确使用方法，就是让他演男二并且让黄渤承担影片主要议题，王一博只负责坚持和努力并在该出现的时候给到情绪。大鹏拍的舞台很棒，几处的battle和routine给人的感觉都不同，有很明显的情绪递进。还看到了好多这就是街舞的老熟人，我也是从这街开始特别喜欢看街舞电影，这部电影虽然有些动作不及综艺，但是在电影院就很燃📽️,2023-07-22 17:03:35,1122
3,尼古拉斯凯奇,四川,5,谁懂啊，最后五月天的《倔强》一出，哭得止不住，泪失禁体质真的伤不起啊。别人因为陈烁夺冠燃的要死，我却觉得太不容易了哭出了声，片尾曲更是鲨我，呜呜呜呜呜。,2023-07-28 17:42:38,1338
3,臻圣,北京,4,8.6/文牧野为易烊千玺量身打造《奇迹》，大鹏则为王一博量身打造《热烈》，这次一博终于在他熟悉的地板舞领域大放光彩。故事脉络切入点精准，有大量专业舞者背书为影片提供了文化沃土，《这街》则提供了非常丰富的舞台拍摄经验，五年老粉的我已对街舞舞种和各代表招数了如指掌，看到熟悉面孔们接连出场感觉非常亲切！battle舞台赏心悦目，动作流畅招很炸。不要小瞧“惊叹号”这个团队，里面可是藏着现实里三个世界冠军。作为监制的陈祉希带来了王霏霏，撑起了女舞者的门面，真是意外惊喜！KTV黄渤点歌再次致敬赵英俊，大鹏真的很想他。很期待现实里王一博和卡斯柏的battle，花絮快安排起来！又见《喜剧大赛》老面孔，承包了不少笑点。巧借杭州亚运会的东风推广地板舞文化，完全可以当励志运动电影来看，邓超、韩寒赶紧买票学习。,2023-07-22 22:29:04,664
3,徐若风,北京,4,知道它质量不错，但还是没想到会这么爆，大鹏导演迄今最佳。舞姿动作灌满了喷薄而出的生命力，那份畅快感动、五味杂陈的情感，跃过大脑、直击心底。故事其实挺“直球”的，但就是架不住的好看。现实的苦与街舞的燃，仿佛一体两面，照射向每个角色的人生。最后绝杀的“！”动作，堪称全片的神来之笔，是对每一个没有光环、无法站在聚光灯下的普通人的致敬，更是向每一位怀有梦想的年轻人的感召。,2023-07-25 15:39:52,1172
3,圆首的秘书,北京,4,真的哭了，三年了，这才是真正的暑期档啊！大鹏脑子是真好使，非官方的、民间的体育精神之下，既不屑得吃糙面儿爱国饭，也能轻松改造拳击摔跤动作片。王一博也下功夫了，虽然剪辑上帮了不少忙，但依旧有点本事。黄渤是真正的灵魂，真正的可爱，真正的演员，真正的牛逼,2023-07-19 13:43:23,413
3,阿摆和泰森,江苏,1,故事很老套，煽情很生硬,2023-07-31 09:59:22,568
3,豆瓣路人己,北京,3,看了两遍，观感依旧，燃是真的燃，情绪给的是真的足，但是禁不起细想，人物没有成长的弧度，而且街舞比赛要顾忌观众的地方，切的有点乱。不得不说，王一博今年三部戏，这部是最好的状态。,2023-07-19 16:57:36,440
3,杀青散没有解药,广东,4,大鹏真的把商业片拿捏住了，再老套的故事只要节奏好一切都能被情绪掩盖。点映结束，有个观众小哥离开座位，跑去荧幕前跳了一段舞（好像是popping？），很为这场电影加分。希望所有人都能有所热爱，保持热爱。,2023-07-24 21:22:25,451
3,小刘,北京,1,“他，居然跳出了一个惊叹号。”啥玩意？我头上的问号顶了一斤。,2023-08-06 01:59:50,41
3,不朽浩克,湖北,2,2.0。这绝对是一次极其难受的视觉体验，甚至在很多低成本b级片中都很难看到如此细碎的分镜头。摄影根本不敢展现场景的全貌，更不敢直接复刻现实时间，在平均时长不超过两秒的分镜头内影像时间被无限拉长，这是mv的拍法，不是电影。,2023-08-06 02:06:26,9
3,亵渎电影,河北,4,大鹏导演开挂了！一部完成度非常好的商业片，用运动励志题材来拍街舞，情绪的拿捏非常到位，街舞场面也非常酷炫。很喜欢王一博和黄渤这对各方面都互补的师徒角色，徒弟用自己的行动，让师傅找回了初心——那种由心而发对街舞的热爱。这种对于某种事物的热爱，可以把观众的共情能力达到最大化。谁年轻的时候，不曾有过这种对某种事物的热爱？最后它已经不再是街舞的传承，而是理想主义的传承。我最喜欢大鹏导演的地方是，他在处理观众情绪和价值输出上，尺度拿捏的非常准确，让整个观影过程变得无比舒适，绝对不会让人觉得力度过了或者尬。,2023-07-22 20:12:16,1251
3,黄曾鸿辰,吉林,5,第一次见屠老师是在大二上课，他说“你小子我记得你！你就坐第一排一直没睡觉那个”。是七年前了。第一次见大鹏哥是在花木兰，他说“你好小黄同学我们可能那四天是睡不了觉了”。是四年前了。第一次见一博师哥是在剪辑学会年会，我说“师哥你好，是我剪的夺冠纪录片，专门为你留了一个镜头哦！”。是三年前了。我年纪不大，能走到今天这一步，很骄傲地说我是热烈的剪辑师！是因为被你们帮助照顾着前进的年岁加起来已经占了我年纪的一半。我与电影的连结已远超我当初的想象，是因为周妈忱姐红卫爷的领进门，更是因为你们航母拖小船在这一年又一年的时光里狂奶小黄给他机会推着他前行。我依然记得屠老师上课时说的：“技巧不值价，情感才值价”。对我来说最值价的，便是和你们在一起的这一年又一年。我真心祈愿这一年又一年，能一年又一年的热烈下去！！！,2023-07-19 21:57:31,489
3,褪到黑色,北京,3,这个片子就属于谜底写在谜面上，片名写在台词上，队名写在编舞上，编剧和叙事都很直白的一个电影。舞蹈部分没必要跟《这街》一样镜头乱飞，编舞本身很炸完全可以写实拍。全片没有太多能够破圈共情的话题点，最打动我的部分是刘敏涛。,2023-07-22 18:19:29,267
3,谋杀游戏机,北京,未知,看看大鹏跨越式进步的十年，再看看自己原地踏步的十年，流下了羡慕的眼泪。这是他第一次没自己主演，却是把演员的特性和优势用到最好的一次，把王一博本人的性格融入到了角色里，再加上懂事孝顺、努力就一定成功的情节设定，更能触动观众，跟黄渤演的师父之间的情感线也很真实动人。最后的街舞大赛太燃了，了不起的场面掌控和气氛调动能力，摄影和剪辑节奏也很好。,2023-07-13 17:27:40,291
3,基瑞尔,四川,3,大鹏或许是名忠实的粉丝，当中的很多时刻拍得都足够让人想起101时期（比较）喜欢他的原因，而这个角色乃至整部电影其实也是今年三部中最适配的一个。只是无法近距离看表情、台词上的生硬还有（为了规避任何更细腻的演绎挑战）从而设计的全然失真的角色性格，都让它只停留在场面上最简单粗暴的“炸”以及刻意追求的“燃”这种观感上。“大鹏”、“程宫”、“魏平安”都是有瑕疵的，但“陈烁”仿佛如陀螺一样，不停地在“正能量场子”上转动；无法贴身体会他更多的情绪，最后也只好跟着喝彩下“业务能力”。,2023-07-27 21:16:53,38
3,HenriqueZZZ,安徽,2,直白粗糙，却又不深入，街舞表现不深刻，个人成长不明显，家庭和感情发展没看到，好像什么都有，但什么都没说清,2023-07-30 22:04:01,15
3,karat,广东,1,特别难看，影片中心思想有问题，没有起到激励作用，逻辑表达无法理解,2023-07-31 09:59:03,345
4,德小科,日本,3,让王一博演王一博，是最聪明的决定……,2023-08-10 20:57:39,31
4,蝉影,浙江,4,凯文最强工具人，剧情反转要靠他，烘托主角要靠他。没想到这么嚣张强势的人设会如此忌惮主角。最后斗舞环节太冗长。好像终于可以抛开那些现实感的剧情来尽情炫技。不如多匀出点时间给那些惊叹号的配角们，让他们不至于只能走马灯的由小女孩介绍或自我介绍。,2023-07-26 18:19:33,92
4,武侠小王子,重庆,2,杭州这座城市最迷人的地方，在于某个角落总会有一个婉约、有灵气的年轻姑娘。,2023-08-03 19:55:55,3
4,王食欲,北京,4,封神真倒霉，选了这么个卷王档期。,2023-07-25 17:38:18,37
4,哦呦呦,北京,2,故事极度离谱，两星给最后惊叹号的喜剧效果：黄渤号称年轻时就为最后跳出个惊叹号把腿摔折了残废半生，真是搞笑程度拉满了,2023-07-28 17:39:43,97
4,五色全味,北京,3,雖然劇情線套路、群戲普遍功能化，但任務片拍成這樣真的收貨了，大鵬甚至已經是內地商業片良心了；只是宋祖兒那條線完全可以刪掉,2023-07-19 21:23:31,145
4,malingcat,上海,5,等人的时候顺便看了点映。不懂街舞、不懂明星battle，但自动以老阿姨年龄代入，就哭了。上一首写给中年人的歌，我印象里还是《老男孩》——当初的愿望实现了吗？事到如今只剩祭奠了吗？所以就很理解有点油腻的黄渤最终回归初心、做出了一生最热烈的选择。这部电影不是少年成功的故事，而是一群人——教练、团友、妈妈、舅舅、小老板、工友——共同托举出了一声惊叹。因为良善，所以感人。的确，不是每一个平凡人生都需要热烈，但是那些热烈追求的人，总值得一个respect。记得俞敏洪说，他在艰难的创业时期看了大量的励志书，成斤买，成斤看，偶尔激励一下自己，应该。决定了，我要对我的奋斗不止的学生们，再好一点。,2023-07-23 19:12:11,331
4,Morning,北京,3,比较知足的一部电影，没有想要太多也是一种诚意。整体的做法很简单，王一博的成功即影片的成功，这是一个聪明的转移，在主题并不鲜明，主线套路，街舞类型表现不足，其余角色尽是陪衬的情况下，就只做好一件事，让你觉得王一博不出戏。大鹏比程耳会拍他会用他，一些镜头他表演出了合理自然的喜怒哀乐，尽量的少台词，少复杂的情绪，沉默或者羞赧的笑就行。黄渤有厉害之处，对手戏表演是一种交换气场，王和宋非常失败（商场），和黄就很厉害，他俩前面那场吃饭的戏，黄就是不用大招，很厉害的让王融入了表演氛围。而后面那场烧烤店的戏，黄很厉害，在哭戏之前做的铺垫，眼神的变化，视线的转移，眨眼的动作，到哭到喝酒喷洒就十分合理，这是一场既兼顾个人又兼顾双人的表演戏，我认为黄渤最后给的微侧仰视的表演很厉害，一下子托住了王一博的表演。,2023-07-25 00:34:37,52
4,豆友232950385,湖北,2,想上立意没立意，想上价值没价值,2023-07-30 14:51:29,326
4,LoudCrazyHeart,重庆,2,前面对人物生活的铺垫，特别是对陈烁家庭的描绘，仍旧停留在表层，家中舅舅叔叔的人物刻画仍旧是刻板的呆滞的，用小沈阳和小岳岳做吉祥物呢？母亲又成为了关键时刻为孩子复出的圣母模样。片中出现的实习记者又成了某种恰当的陪衬，陪衬着按图写稿，配合傻瓜爱情的氛围。后半程褪掉生活，事件场地几乎都在训练基地和舞台，影片才开始真正反映出“街舞”的氛围，而前面是没有很好融合。“相信舞台，相信热血”作为后面的主题，设置了人物的起落，比赛落后倒追的模式，都是正常范围。丁雷作为教练和陈烁作为徒弟，他们有世俗禁锢和热血坚持的对照。黄渤在酒桌上袒露心情那场戏自然是重点，影片选择相信一腔热血满心的热爱可低世间名誉地位利益。但，命题作文可抵残酷现实吗？,2023-08-02 19:11:23,6
4,科林,上海,3,3.5！帅！但人物弧光仍由黄渤闪耀！燃！但与观众来回跳切剪得还是太乱！蜡像虽静不动，火乐旋转不停！轻轨前后张望，是否也曾偷偷努力？！OneandOnly！替身不Out才是唯一！（那么，请点一下，我这儿有几个“！”？）,2023-07-24 16:02:45,68
4,FeiY,北京,2,大鹏面对的功课也许他自己是知道的，正如这部影片在开分前不敢放开的“最新”评论区那样。,2023-07-25 11:10:07,382
4,蒜 | BOY A 🌈,四川,4,好久没看见如此流畅，热血的国产体育电影了，无论是人物设定，还是剧情张力，都超越了大鹏之前的所有电影，牛逼,2023-07-28 00:03:52,155
4,次等水货,上海,4,非常成熟的类型片，主打的是青春和励志。有力量！有信念！全场数次响起掌声，都燃起来了。电影里的他们享受他们的舞台，我享受这部电影。,2023-06-18 12:14:54,1531
4,天马星,广东,4,这是一部励志片，但大鹏能将那种我爱梦想但梦不爱我的苦楚拍出来，说明他已经将那套小人物叙事练的炉火纯青了。而我也第一次get到了王一博，他真的很合适这个爱跳街舞的木讷少年，同时戏路越来越尬的黄渤突然演技回勇，贡献了一个足够真诚足够动人的角色。编、导、演等各方面都配合的恰到好处，已经火热的暑期档恐怕还会更热烈些了！,2023-07-23 17:54:05,187
4,朝阳区陆依萍,北京,4,片如其名，热血烈火，梦想落地！非常意外的是，整体竟然非常中二，小人物的执着梦想，一直是导演大鹏作品序列的主题，但这次少了中年味，完全青春向阳！最后20分钟飙舞，简洁凛冽的剪辑，有一种难得的沉浸燃爽感，让人忽略了前半部分叙事节奏偏缓的问题，片尾曲五月天的《倔强》「最美的愿望，一定最疯狂」响起真是绷不住了，情绪点给的非常足，暑期必看！不过，一看刘敏涛唱歌，就不自觉得想起《红色高跟鞋》，哈哈哈哈！,2023-07-19 23:54:45,688
4,一个人吃吉野家,河北,1,含v量惊人，v们自我感动式的热烈共鸣。泥足巨人，滑稽万分。,2023-08-13 07:33:00,52
4,思路乐,福建,4,【B】不出意外应该就是今年暑期档最具娱乐性的纯国产商业片。作为一眼望得到头的励志体育片，大鹏选择迎合一切俗气套路，精磨类型技巧来制造更为纯净的观影乐趣。轻松且自然的笑点编排，流畅高效的蒙太奇式训练，煽情戏的收放自如，街舞对决中节奏为王的剪辑处理，以及各种在段落中调节情绪和戏剧的小技巧，最终都导向“娱乐至上”的创作理念，清醒且纯粹的商业目的，比《八角笼中》那种语无伦次的“现实主义”要可敬的多。对王一博的处理体现出大鹏的精明所在：拒绝复杂的角色特性，仅保留一个略显木讷的热血青年，让演员本色出演即可达成合格效果，补足水桶短板的能力。最惊喜的部分大概是看完后才发觉影片作为一部杭州亚运会宣传片，却没有一点任务片的影子，完全做到了类型驱动优先，冲着这点可以给出四星好评。,2023-07-22 20:24:52,254
4,罗弘霉素,天津,5,我们大多数都是陈烁这样的普通人，要为了生活努力扛起肩头的责任，也会努力坚持梦想，会有失意会有不甘，也会不得不屈服于现实。坚持初心守住本心，“一直努力就会成功”，这绝对不是心灵鸡汤，而是你贯彻某一个信念就终会抵达的理想，念念不忘必有回响。,2023-07-28 14:16:03,954
4,袁牧,北京,5,舞真热，青春真烈。一博真帅，黄渤真有反差。与其苟延残喘，不如从容燃烧，一切终将老去，但少年奋斗的故事永不过时，母子情感人至深，爱情线也是刚开始的样子，挺好的，没毛病。,2023-07-11 01:45:57,3322
5,祖贤,山东,4,很好pong友们！！！想看疯狂石头时期的咱渤吗！？速去看此片！！为咱渤立加一星儿！！！王一博！我之前说你坏话是我嘴贱！你可以的！,2023-07-25 22:47:49,304
5,谢谢你们的鱼,北京,4,完成度非常高的励志喜剧，大鹏在《缝纫机乐队》的失败之后找到了属于这个品类电影的创作逻辑以及和观众之间建立的联结，并且创造了非常出色的电影感。除了王一博的角色本身的塑造有点单薄，以及街舞环节的拍摄有点用力过猛，别的部分真的挑不出太多问题，王一博的表演真挚了很多，黄渤的几段真情流露也是他近年的最佳表演，燃点真的很多，最后多舞种融合的地方很激动人心。还有，杨迪的客串太炸了，哈哈哈哈哈！,2023-07-22 18:09:00,536
5,惘然,江苏,4,大鹏拍得太热血了！而且他好会拍街舞啊！最后比赛情节让我梦回《这！就是街舞》每次去做媒体评审夺冠battle现场扔毛巾。这次他把自己擅长的小人物刻画以及擅长的喜剧结合得很好。黄渤和王一博饰演的角色都是小人物崛起式拍法。这真是目前最适合王一博的角色了，青春努力单纯热血……直男，看得出他对街舞是真爱，有这份真，这个角色就立住了。而且这次大鹏虽然热血，但煽情却恰到好处。因为每次开始煽情了，他就用蒋龙啊、岳云鹏啊们的喜剧表现来消解一下，把节奏又拉了回来。#五月天的片尾曲是添花之笔，忍不住听完才离开座位#,2023-07-22 18:32:53,299
5,Mr. Lei,中国台湾,3,我理解競技電影層層加碼才會好看，但是憋到最後的大招是一個自由落體+一個扔帽子，這不比單肘那些複雜動作容易得多？現實生活沒有慢鏡頭，最後這個驚歎號是根本看不出來的,2023-07-23 18:34:38,69
5,MinamiFans,湖北,3,倒是比《保你平安》更像电影了。一些瞬间的动作场面释放出了类似《雄狮少年》的能量。但有个疑问是，为什么一个世界冠军不能给一个团队带来活力，一个司马脸角色就能做到？,2023-07-30 17:58:42,7
5,豆友250593349,上海,5,燃一夏，博一夏，热烈好看到炸裂，不能剧透，真的值得,2023-06-17 23:44:30,3313
5,Peter Cat,新加坡,3,工整正确的顶流商业片做法。,2023-07-26 01:56:30,88
5,顿河,北京,5,豆瓣上聊点别的，现在看电影，难免带着学习也好，审慎也好的态度在看。所以评价好电影的标准一下子变得简单，就是什么时候能破防，能相信那个假定，能接受那个情绪。看热烈带了很多预设，也辨别了诸多套路，但还是丢盔弃甲被感染了，相信不可能，理想主义这个最原始的情绪补偿，只要讲得真诚，我还是愿意一再买单。,2023-07-19 22:35:36,874
5,顗礼,河南,3,足够聪明却不够专注的创作，核心爆点的驱动机制与《雄狮少年》如出一辙（结尾部分的“惊叹号”就相当于雄狮最后的“挂狮头”），对比之下还是为大鹏的算计型创作选择感到惋惜，解释性台词与“人情味”的铺陈过度干扰了节奏，本该是一部更“简单”的电影才对；好在依旧拥有掌控观者心跳的时刻，进而让人愿意相信那些心灵鸡汤背后的感受力，这是足够高明的创作者应该具备的基本素养。,2023-07-28 18:28:20,9
5,少年赵里昂,陕西,5,暑期档惊喜之作。自己30岁往上了，总爱说老了老了，这电影看完都有点返老还童的感觉，仿佛心底有股劲儿被影片中挥洒热血而激活了，尤其最后那段宛如再现这街总决赛的PK直呼过瘾。永远会被这种小人物挥洒汗水，努力追梦的故事所打动。谁还不曾是热烈的少年呢。,2023-07-22 20:26:35,1907
5,张春[阿卡纳],福建,4,我觉得挺不错的。大鹏已经是一个比较可靠，基本上不会恶心你的导演了。,2023-07-30 13:40:16,14
5,芥末蘸酱,北京,3,还是降低点预期吧，君是不见《闪电侠》上映前吹多猛吗？,2023-07-19 17:08:05,32
5,皮皮鸦,四川,5,"4.3大鹏再次飞跃，导演能力令我不敢信，可以说更优于保你平安，他真的很会拍小人物，那份真挚也能体现到电影中，各种细节接地气，拿捏得很稳，喜剧元素不玩尬，情绪渲染不刻意，就那么自然丝滑。励志，首次看王一博的戏，不知平时他就这性格，还是角色设计如此，就莫名挺匹配，动人，作为竞技题材，不喊口号，真的能感受到小人物刻苦追逐自己所热爱的事情的辛酸与现实，热血，街舞battle设计也很有看点，街舞走心版""少林足球""",2023-07-23 21:41:53,416
5,🎬Colen🎬,山东,4,大鹏的水平直窜云霄，观众笑得合不拢嘴，台上台下拼成了一个醒目的惊叹号「！」。这个感性的男人，还是没法忘记潇洒哥。难怪昨晚大雨倾盆，是他在天上唱的推广曲。,2023-07-22 17:37:05,381
5,有心打扰,福建,3,剧情很拉，没有任何新意，节奏还行，有笑点（有笑到），有燃点（没被燃到），有动人的点（有被打动，但不多）...结尾的高潮戏特别综艺，特别粗糙，属于失望部分，但！的一幕算是一个从头埋到尾的【梗】，有挽回一些观感，勉强及格吧。,2023-07-29 22:49:39,7
5,海月梦香,福建,4,最后十几分钟确实很燃很热很炸裂，单单冲着影片中精彩的街舞场面就值回票价了。不过故事本身其实依然还是同类型作品一贯的套路，比较常规，主要靠着街舞本身的魅力与演员们出彩的表演带来了超乎常规的光芒，当然导演对于场面节奏的调度也是亮眼之处，总体值得一看。,2023-07-22 16:17:43,444
5,猫皂,上海,5,“季节总要走向金黄，少年也终将成为宝藏。”但这个夏天，那个夏天，都是永难忘。,2023-07-22 17:45:04,1568
5,Pincent,湖北,3,2.8亚运场馆大揭密。大型活动或者准综艺这块儿也是：能出国的爱豆风光，锅内集体不景弃卑微揾工人都只能靠临场发挥。街舞场面的镜头设计感觉有些不太清晰，酷炫多动症活动回顾短视频剪出来唬住甲方先。,2023-07-25 23:24:40,17
5,心中有片瓦尔登,江西,4,从《煎饼侠》到《缝纫机乐队》，从《吉祥如意》到《保你平安》，再到这部《热烈》，不得不说大鹏是有东西在身上的。,2023-07-31 16:34:12,94
5,生亦何欢,湖北,5,看这片实属偶然，和家里人吵了一架不想呆家里，黑黢黢的影厅十分符合当下需要，不想情绪更down就选了看起来比较欢乐的热烈，实在是没想到是个意外惊喜，哭一场笑一场什么情绪都释放了，感谢热烈，感谢大鹏和一众演员，哈哈哈,2023-07-28 00:25:59,977
6,JoeyLu陆柏宇,江苏,4,很难想象，这是大鹏导演的，因为他又一次超越了他自己，又一次讲小人物的故事，上次讲的千难万险不容易，这次讲的是热血沸腾。,2023-07-23 17:14:49,419
6,武侠小王子,重庆,2,杭州这座城市最迷人的地方，在于某个角落总会有一个婉约、有灵气的年轻姑娘。,2023-08-03 19:55:55,3
6,karat,广东,1,特别难看，影片中心思想有问题，没有起到激励作用，逻辑表达无法理解,2023-07-31 09:59:03,345
6,小小的你,山东,5,难以相信大鹏现在已经开始信手拈来商业片了，剧情虽薄弱，但舞蹈戏更出彩，作为舞蹈片中少见的舞种，把街舞不羁张扬的特点呈现的极佳。PS:与她一起总有幸事，看完电影还遇上了现场的街舞比赛，lucky~,2023-08-05 23:04:14,5
6,糖醋排骨,河北,4,大鹏不懂街舞，但是懂怎么讲故事，这并不算是街舞类型片，而是按照故事剧情片拍的，叙事流畅，节奏顺滑，反倒是街舞部分有点过度堆料，尤其是那个砸胸，被剪成了好几段，抖音上都比电影震撼，摄影师一顿运镜不如拍个全景，博子哥还不错，咱当不了好演员，但起码是个好舞者。,2023-08-01 16:32:42,46
6,又双叒叕,广东,3,建议更名《街舞火乐传》除了王一博的solo以外其他人的舞蹈部分剪辑和运镜简直一塌糊涂镜头晃啊晃每个舞蹈动作都不知道有没有给到半秒是生怕我看清楚舞者们在跳什么吗齐舞的时候老喜欢切特写battle更是直接变成街舞混剪宣传片感觉切观众给反应的镜头都比舞者跳舞都要多真是白瞎这么多专业舞者剧情就是常见的主角成长热血片无惊喜你渤哥还是你渤哥没一点儿毛病至于大鹏我想说的是《保你平安》吊打《热烈》,2023-07-26 02:00:26,91
6,居无间,上海,3,大鹏的执行很熟练。赞誉那么多，想提供另一个角度的看法。《热烈》基本是把《缝纫机乐队》又拍了一遍，大鹏可能也有一股气儿需要抒发。故事结构都没怎么变，区别主要有两个方面。其一是主题，缝纫机乐队》还有对房地产公司的反抗，还有摇滚精神；而《热烈》的反派就是面目模糊的，很单薄很工具人，说是资本象征，其实就只是个鲁莽的天才富二代。谁见资本会叫嚣着单挑呢？其二是人物塑造，剧本在黄渤与王一博之间有着摇摆不定的犹豫感，或许是演技考量，更多还是市场需要。大鹏把最复杂的戏份给了黄渤，把最燃的场面给了王一博。最后的舞蹈对决设计，就是借用了香港动作片的套路。包括最后的绝招，其实跟《叶问2》叶师傅用洪拳击败龙卷风的设计如出一辙。若是综艺《这！就是街舞》的资深粉丝，看这部应该不会过瘾。,2023-07-26 21:02:09,21
6,fw郑景仁,辽宁,5,"无比舒适、丝滑的观影体验，结尾燃到爆炸。大鹏对自己踏入导演行业这些年的""Respect""，丁雷、陈烁的历程何尝不是大鹏自己的，从最开始追逐梦想迈出第一步，再到过程中的迷茫与妥协，到如今脱颖而出，用心回馈舞台、回馈电影，他相信电影，电影也相信他，真诚的电影无懈可击；不负挥洒之热血，不负青春之热烈，值得一个大大的""惊叹号""!",2023-07-23 16:51:18,1021
6,津五渡,辽宁,4,青春就是要热烈，所有追梦的人生都值得被书写。很燃。同类型不输《狂舞派》，目前我心中大鹏另一部四星电影，王一博也有代表作了。,2023-07-25 22:29:39,118
6,哦呦呦,北京,2,故事极度离谱，两星给最后惊叹号的喜剧效果：黄渤号称年轻时就为最后跳出个惊叹号把腿摔折了残废半生，真是搞笑程度拉满了,2023-07-28 17:39:43,97
6,一个人吃吉野家,河北,1,含v量惊人，v们自我感动式的热烈共鸣。泥足巨人，滑稽万分。,2023-08-13 07:33:00,52
6,kylegun,北京,4,“替我们跳下去”那里感动了一下，但从文创仓库跳回文工团舞台有啥隐喻？舞跳得确实都挺好，但黄渤和王一博跳街舞的精气神都不太对，决赛也明显没有对手团厉害，人物行为逻辑可以说是靠煽情硬煽起来，为达胜利甘愿被无偿剥削的苦情无产阶级对决不想回家继承财产的富二代和境外势力……还是那句老话：这种越拍越好的任务电影，有点可怕,2023-08-11 20:03:09,1
6,368复机,重庆,3,老套的剧情，刻意的煽情。为王一博量身定做的电影，演技明显提升。隔行如隔山，不明白相声小品艺人频繁出现电影圈的现象。,2023-07-28 17:39:28,140
6,刘小黛,江苏,4,高产高质的大鹏首次纯执导，比《保你平安》更为热血，光鲜亮丽的舞者背后有无数底层人的耕耘付出，镜头对准舞台下的辛酸，高昂房租生存压力密集排练。热烈的不是青春，是我们，这团火照耀在生活各处，关注人物成长最能触及观众内心最深处。王一博扮演的陈烁舞蹈之路和大鹏的导演之路或许是类似的，心中的那个孙悟空始终在长大，演出了底层逆袭的挣扎和不懈，都会记得天台上无数个孤独的夜晚，贡献了一场精彩的哭戏。黄渤演技无话可说，不是最后的舞蹈让人都快忘记他曾是教过舒淇跳舞的舞者。演员导演都把各自生命体验融入剧本角色，小沈阳等客串添加喜剧元素，共同促成情感联结紧密的氛围。小人物无法跨越阶级，但能在泥沼中追寻理想仰望星空。英文片名oneandonly，坚持和热爱的事物仅此一个，是街舞是电影是每个人小时候做过的梦。,2023-09-02 14:06:09,0
6,豆友232950385,湖北,2,想上立意没立意，想上价值没价值,2023-07-30 14:51:29,326
6,Hangain,河北,5,热血励志好笑好哭好看到别人都有提，我想说一个点，很喜欢里面陈烁和家人的那种相处模式，他和妈妈说“我可以”，妈妈却笑着说“不可以也是可以的”，能在大荧幕中国父母嘴里听到这句话我心里五味杂陈。妈妈没有心疼到埋怨自己，也没有说这个家都靠你了，而是以一种最温柔的方式支持着儿子，体谅着儿子，太喜欢了。,2023-07-28 13:37:06,490
6,LoudCrazyHeart,重庆,2,前面对人物生活的铺垫，特别是对陈烁家庭的描绘，仍旧停留在表层，家中舅舅叔叔的人物刻画仍旧是刻板的呆滞的，用小沈阳和小岳岳做吉祥物呢？母亲又成为了关键时刻为孩子复出的圣母模样。片中出现的实习记者又成了某种恰当的陪衬，陪衬着按图写稿，配合傻瓜爱情的氛围。后半程褪掉生活，事件场地几乎都在训练基地和舞台，影片才开始真正反映出“街舞”的氛围，而前面是没有很好融合。“相信舞台，相信热血”作为后面的主题，设置了人物的起落，比赛落后倒追的模式，都是正常范围。丁雷作为教练和陈烁作为徒弟，他们有世俗禁锢和热血坚持的对照。黄渤在酒桌上袒露心情那场戏自然是重点，影片选择相信一腔热血满心的热爱可低世间名誉地位利益。但，命题作文可抵残酷现实吗？,2023-08-02 19:11:23,6
6,FeiY,北京,2,大鹏面对的功课也许他自己是知道的，正如这部影片在开分前不敢放开的“最新”评论区那样。,2023-07-25 11:10:07,382
6,阿落,北京,4,好燃，好好哭。,2023-07-31 19:18:21,2
6,总有好事发生,黑龙江,5,不得不说黄渤和王一博这两选角真的完美贴合，黄渤就是那种亦善良亦油滑的老炮儿，王一博是眼神有光的追梦少年，赤子之心唤醒了老炮儿心中久违的为理想而战的纯粹，这种感觉换其他任何演员来都不太对味，还得是他俩。,2023-07-28 17:04:35,382
7,angelfish,广东,2,大鹏一如既往精明鸡贼。观众很容易把对于“希望小人物成功”的这种看综艺比赛打怪式的期盼，并且最终成功的喜悦心情，不自觉地替换成对片子的好感；就像之前《保你平安》，观众会因网络暴力的痛恨，转换成对大鹏的支持。他对题材的摘选是有商人式的深思熟虑的。但是在多处的底层逻辑上，我感觉自己跟大鹏的价值观真是有壁，以及依然感觉他有埋藏的厌女。妈妈登台唱歌为什么哭成这个鸟样？是觉得妈妈抛头露脸很受委屈了？,2023-08-10 16:26:05,7
7,搬砖侠,甘肃,4,毫无疑问是暑期档最燃电影，励志与热血并存，荷尔蒙与温情齐飞。小人物的逆袭永远会让人感动，但电影的好看更在于编导对叙事节奏的精准把控，将青春励志题材拍出了理想主义式的浪漫热血感。全片毫无冷场，燃点笑点泪点皆有，陈烁与丁雷这对师徒情的刻画尤为动人，陈烁在教练丁雷那里收获成长，丁雷也通过徒弟陈烁重拾对梦想的初心，两人完成了梦想与热爱的传承。大鹏又一次证明了自己是优秀的类型片创作者，将街舞场面拍成一幕接一幕的视觉奇观，不只是动作层面的眼花缭乱，更通过多角度的摄影剪辑与场面调度，营造出极强的沉浸感，每一次训练、表演都在积蓄力量，在结尾迎来爆发，最后20分钟的比赛场面又燃又震撼，就连我这样的门外汉都看得头皮发麻，所谓”热烈”，既是主角对梦想的热爱与坚持，也是每个普通人在追梦路上挥洒汗水燃到炸裂的那些瞬间,2023-07-23 17:49:02,377
7,HarperDie,北京,3,以大鹏和苏彪的敏感度来说，本片的故事写得还是太规矩，人物塑造得糙了点，但大鹏在拍摄街舞场面时选择大量近景跟焦，尤其在关键节点上剪辑的空间跳转，都是非常有想法的尝试。对于一部类型片来说，影片的热血气息是足够的。大鹏真的是王一博到目前为止在表演这条路上最大的贵人，表情处理放松了太多，陈烁的设定也非常讨喜。,2023-07-10 18:20:03,59
7,柯诺,北京,3,剧本挺糙，陈烁的核心骨架没立全，展现他孝顺打工还债、内向寡言闷头努力外，弱点居然只是“紧张”，此后人物描绘趋无，转向补写丁雷，比赛一路开挂，视角落在看秀。可贵在从街舞去关照街头人的穷与苦，尾场舞的是翻身对抗富与强。消失的她，八角笼中，长安三万里到此，暑期档爆款和集中戏眼是贫富/阶层。,2023-07-23 20:16:06,41
7,不响最凶,安徽,5,燃哭了😭😭,2023-07-30 16:07:43,4
7,几点奔马,北京,2,凯文怎么了？我不能因为最后“燃一夏”，就忽略前面如此琐粹苍白敷衍的叙事。我不知道我是不是对它要求太高了，就...写人完全失败。只有黄渤这个角色相对饱满，其他皆是带着面具。尤其是王一博这个角色，还在靠苦情博眼球？一个讨好型人格，一切都逆来顺受。这...哪行啊？,2023-07-31 16:47:09,5
7,mimosa2020,广东,5,以广东早茶发誓热烈超好看不好看以后吃不到好吃的早茶,2023-07-27 21:45:25,885
7,macca,广东,5,不再是用喜剧的外壳裹着悲剧的内容，从底层出发，展示了小人物的纯粹与倔强，热爱不是改变命运的工具，而是实现梦想的必要燃料。陈烁加油，惊叹号加油！我们都加油！,2023-07-28 13:31:45,336
7,火火,北京,5,大鹏跟《煎饼侠》那会儿真是不可同日而语，对不起🙏我曾经对你大声了点，大鹏，你真的好棒！已经扶摇直上九万里了！黄渤、齐溪、刘敏涛、张子贤都是我喜欢的演员，演得都很棒！！一博演得不错，陈烁明显不是看起来生人勿近的一博，也不是熟人面前开怀大笑的一博，他比一博寡言、天真、心事少、接地气，他俩重叠的是对街舞的倔强、踏实和精神不内耗！但是这些不熟悉他的人不会分别。,2023-07-22 20:42:01,975
7,蓝抑郁剂Lily🌈,江苏,5,很开心能有一部关于街舞的电影上大银幕！《热烈》在我心中不仅仅是陈述街舞，也是对每一个追梦赤子心的抚慰，对每一个喜欢跳舞的人都是一份礼物！小时候没有钱，家里不支持我发展艺术，长大了开始自己学习，算是弥补遗憾了。愿我们每个人都能不断追梦！,2023-07-28 23:31:41,5
7,张兮兮,天津,5,依旧是小人物在现实和梦想中继续追寻自己内心真正安宁的故事，真的很燃，虽然说故事的走向并不复杂但是那种热血真的没得说，视听方面极致地调动观众的情绪，很多配乐一出来的时候真的有想要泪流满面的冲动，这是一部献给观众热爱的电影，让我们一起起舞吧~,2023-07-30 09:13:16,5
7,谷龙龙快学习,北京,3,一种真空的倒置,2023-07-23 01:37:56,14
7,盘子,北京,2,没有一个桥段是新的，套到任何一个项目都成立，浓厚的古早气息。因为反派是脆弱的富二代带外国人，只能在我方人员身上加buff，早逝的爹辛苦的妈连轴打工还有精神不正常的舅舅……（演员表现真的还不错）。最大彩蛋是一开头就出现了“浙江”，哇这年头还有真实地名在影视剧中出现呢？再看下去原来是亚运会配套产品。,2023-08-03 02:45:43,8
7,肯旋风miki,陕西,4,让王一博表演自己热爱的事情是最大的成功，比之前两部电影的发挥都要好，人物算是立起来了。我不太认为这是“电影”，更像综艺的合集，跟之前看《这街》感觉差不多。很燃很青春，但没有讲好一个故事，算不上电影吧。看完就是让人快乐，别的不需要思考，也没有太多值得思考的。ps凯文还挺帅，选角不错,2023-07-28 22:09:27,2
7,啊柒,广东,4,至少直到这里我可以说，大鹏是一个国内知道优秀的商业电影应该怎么拍，并且踏踏实实给你拍出来的导演。而本片则为比前作《保你平安》更为扎实的一顿输出，你可以有套路，也可以有小人物奋斗的buff，甚至也有体育电影一贯的煽情手法，但神奇的是他也可以通过队伍里面其他人物的口吻把更多不必要的情感点到为止，没有进一步的灌鸡汤，没有大肆的宣扬“街舞的训练有多么不容易”，只是把基本的情绪给到观众的同时还能做到不让观众反感，从而通过后面连贯性极强的街舞总决赛，再把情绪推到最高点，告诉大家街舞是用实力说明一切，用一场帅气的比赛了结对方，尽情的诠释“这就是街舞！”，燃炸观众的同时也成功证明了自己，比赛就应该这样拍。请邓超和俞白眉进来学习！,2023-07-22 17:04:47,456
7,巴塞电影,湖南,5,看完大鹏导演的新作，理解了他和黄渤为什么要到五月天演唱会去宣传电影，因为《热烈》，也是《倔强》。把一个小众题材拍的大众化，真的很难。面对街舞这个逐步被广泛认可的运动，《热烈》给出的是适用于任何一种梦想的态度。在梦想的母题上可以开出许多创意的花，但真正让观众共情的，必然还是举步维艰的辛苦和柳暗花明的灿烂，当丁雷拒绝向利益低头时，当陈烁主动亲吻舞台时，当大鹏导演拍出《热烈》时，当最后一场battle燃爆全场时，这个故事做到了。就像许多梦想成真的故事一样，《热烈》是一个人的成长纪要，但又与许多守得云开的作品不同，《热烈》装着两代人的梦想接力，以及一位喜剧片导演对商业与表达的最佳平衡。,2023-07-26 13:39:52,53
7,沐沐,北京,4,终于知道运动题材为什么轻易不要碰了。动作戏很难拍，故事和人物上想有所突破却很难。大鹏的完成度算很好了，不过确实也难有惊喜，题材受限。,2023-07-22 16:48:10,195
7,sTill-Life,上海,4,选角兼顾了话题和人物贴合度，在商业中寻求表达似乎一直是大鹏努力的方向，从底层小人物着手，接着地气。剧本过于工整少了些惊喜，好在高潮戏力道给足，恍惚间又想起《雄狮少年》。能在这里看到王霏霏好开心😃。,2023-08-01 23:06:15,2
7,放开那个浪味仙,北京,3,就很套路的电影，一切都在意料之中。有青春有热血，可是并没有被燃到。全国大赛的时候我甚至在想，如果他们输掉了，反而更能凸显这份热爱。可是国内的电影还是太习惯于HappyEnding了吧，也挺无聊的。于我而言，更喜欢《保你平安》,2023-08-05 23:09:26,0
7,花Young年華,广西,2,★★½,2023-07-23 16:27:55,31
8,不线上,山东,1,看到说好燃就去看了，真的很难看，故事情节老套，街舞镜头晃得难受，最让人难受的还是某流量演技太尬，长得和普通人没啥两样，表演像在做导演功课，那个笑让你都跟着尬，还有那个地铁是专门为他俩开的？最后替黄渤不值！,2023-08-04 07:57:32,342
8,浔阳客梦,福建,3,我个人认为大鹏是新一代命题作文做的最好的导演了。其实整体故事还是相对完整，除了中间最大矛盾点旧徒弟吃醋太突兀以外其他还好，我觉得最聪明的点是将陈烁设定为一个傻子……该说不说大鹏调教这种跨界演员其实还是有点手法的但可能也不太多。博子哥在劲舞结束后的那个反应可以算得上他演员生涯最高光的时刻，但没什么卵用，全片其他时候依然相当之拉胯，黄渤宋祖儿都有跟他的一场对手戏（在烧烤和旧剧院）黄渤还能凭借自己的经验演下去，宋祖儿整个就不知道怎么演了……他在母亲替他工作唱歌和被丁雷赶走的两场哭戏都是灾难中的灾难级别。我不是说博子哥不努力，但可能影视行业真的不适合他。三星真的是主角太没有说服力了。所有的热血都是街舞给的，而不是演员。,2023-07-22 16:58:23,48
8,狮子座猫猫,云南,5,对于我这种真的没有任何理想追求的人来说，热烈真的是让我感慨万千，从小没有任何才能长大了也碌碌无为，看到别人有坚定的目标很羡慕很羡慕。我以后的生活可能都会是很平凡的没有水花的，希望那些有梦想的人能坚定初心实现梦想！你相信它，它也会相信你！,2023-07-29 12:04:23,259
8,闵思嘉,安徽,2,干瘪、套路、流水线得就像用预制菜做出来的宴席，端上桌的时候已经散去了所有香气。甚至还不如《煎饼侠》时期的那股劲儿。埋下的每一个点，每个设定你几乎都能想到之后生效的戏剧时刻。当所有的矛盾都只落到斗舞上，那这个街舞无论换成杂技、飙车、唱歌、运动，都没有丝毫不同。,2023-07-30 19:07:00,8
8,牛奶味棒棒饼儿,江苏,1,路演比电影精彩,2023-08-04 08:18:28,144
8,Hi Friday,广东,4,整体还挺不错的，王一博也是很适合这个角色，多给一星鼓励。继想去体验体验拳击之后，又想去体验体验街舞了🤪,2023-07-26 22:04:46,167
8,Des.,广东,4,很燃很炸裂…主角的人物塑造也比较丰满，缺点是过于煽情了，觉得可以精剪些，如果把无关紧要的人物和剧情去掉会更好…大鹏一再让人眼前一亮…,2023-07-24 09:38:46,23
8,凹凸,上海,4,大鹏懂得如何讨巧地撩拨观众的情绪，又有着大部分跨界导演所不具备的真诚。从粗糙的闹哄哄的《煎饼侠》，到之后一部部作品的成熟，这份诚挚一直都有被保留下来。而讨巧和真诚的一体两面，会让他一步步向着优秀的类型片导演继续靠近。以及，恭喜黄渤接到了近年来最丰满完整，值得再一次被奖项垂青的角色。,2023-07-23 16:52:34,143
8,付突突,江苏,5,暑期最佳，是真燃！真好哭！大鹏真牛逼！！,2023-07-23 16:24:01,446
8,折翼的蝴蝶,广东,2,[点映]剧作把“资本”写得一点都不精彩，显得很浮躁。怎么一定要公子哥的介入才能继续这个团队的运作，就不能是其他角度作为切入点吗？所以这让我感到hip-hop的精神内核流于表面。舞蹈部分还挺上头。,2023-07-22 18:18:53,264
8,Fiona和平,北京,5,王一博和casper都非常yammy,2023-08-03 16:16:23,2
8,AlanX,重庆,4,可以看出大鹏拍这类商业片是越来越得心应手了。电影的剧情与节奏控制得不错，从塑造人物到剧情烘托再到最后的街舞决战，一路有坎坷但最终还是成功燃起来。有钱人有有钱人的活法，老实人有老实人的福气。在街舞里，团队精神与个人舞技同样重要。,2023-07-28 22:44:29,4
8,歌德尖塔,北京,5,看完有一种很亢奋的共情感，好像从这群人身都能找到属于自己的影子，不管是追梦的少年，还是受了打击沉浸在自己情绪里的舅舅，亦或是被生活所迫放弃歌唱的妈妈...每个人都是那么的真实鲜活，这就是为小人物打造的影片，很棒。,2023-07-28 16:19:46,124
8,LoVe,北京,3,勉强算是热情吧，资方说请给谁定制一部作品，指哪儿打哪儿，后面一半的时间就像是在看街舞综艺加个人秀。台词演技都很一般，个别演员演的还不如店里的蜡像好。,2023-07-22 18:28:05,95
8,马掰掰,上海,3,这不是说主演可能是瓢虫吗，怕是真的就得下映了，赶紧带女儿来看一下。街舞的部分挺好，不过有各种酷炫运镜，以及一些动作是特效，但还是跳得挺卖力的！剧情部分——就是纯扯淡。,2023-07-26 22:06:41,18
8,Clyde,广东,3,看到电影喊出“2022全国街舞大赛总决赛”的时候，我愣住了，仿佛到了另一个平行宇宙，或者，忘记了一个平行宇宙。当然，在所有的平行宇宙里，都需要热血与励志。当然，大鹏也只能这样拍，中规中矩。,2023-08-13 16:33:54,2
8,万万,北京,3,大鹏没有出镜让片子清爽了好多，一个亚运会街舞项目推广电影拍成这样，respect！,2023-07-30 00:19:35,2
8,条理性,上海,4,惊叹号❗️大屏幕观看很热烈！！前三分之一比想象中好有点惊喜，中间开始疲软，高潮的battle很喜欢自己打节拍的那段，叶音还是很有才华的，可惜看到他就想到他是个渣男，没想到还有不少戏份。。这就是街舞里的很多舞者都有出演，卡卡也很可爱hh王一博感觉挺本色出演的，应该有很多地方用的是替身吧？凯文挺帅的哈哈哈！总之，在院线看到以街舞为题材的影片（纹身都没有遮掉2333），感觉是个很大的进步很好的开始值得鼓励！！！致以热烈的掌声！！！👏🏻👏🏻,2023-07-28 23:26:21,1
8,月亮出來了,浙江,3,棒！家人们，一起嗨哇！,2023-07-22 17:52:27,17
8,梦里诗书,湖北,2,小人物的梦想是《热烈》预想表达的内核，但遗憾的是这个逐梦故事几乎没有关于细节的打磨，街舞在电影里的体现是一个放之四海而皆准的模版套路，当励志变成了流水线上的产品，看似喧闹下的空洞，使关于梦想的热血变成了苍白的口号。,2023-07-28 15:55:03,74
9,豆友211416426,广西,2,无数次恍惚以为在看八角笼中+这就是街舞不点开看还以为是2018年的电影…🚬,2023-07-28 17:07:51,120
9,韶光尚浅。,河北,4,开头尬中间拖结尾燃，导演功力待提升。,2023-07-12 22:09:05,70
9,团小纸,北京,3,一半时间里觉得不值得在电影院看，一半时间又觉得必须在电影院看，高速摄影拍街舞还是挺帅的，以及王一博在跳街舞时还是有魅力的,2023-07-29 18:22:02,1
9,大宝魚,浙江,4,2023年真的是属于大鹏、黄渤和王一博的一年，这部电影大概率是暑期档的一匹黑马。没有过多的煽情和卖惨，没有太多的反转和算计，只是把一群人跳街舞这件事给拍出来就足够热血。很难评价王一博的演技，但是身体没办法骗人，他的卖力出演足够真诚，这完全是为他而生的角色。黄渤则贡献了近些年最最高光的表演，几场对话戏真的太有感染力了，将一个教练内心的纠结和执着演绎的淋漓尽致。真的没想到大鹏拍商业类型片已经到了如此纯熟的地步，扎实的叙事和一点不拖泥带水的节奏配上零星的喜剧段落做点缀，最重要的是把街舞比赛拍的如此热烈，让我这个不懂街舞的人也有回去看比赛的冲动，在国产片商业片维度真的太难得了。董成鹏真的成了，如此高的电影质量完全可以预祝暑期档冠军了。,2023-07-22 17:32:59,373
9,早西,重庆,3,基础条件及格整部电影都太模板化了，剧情逻辑刻板，人物形象刻板，看前20分钟就知道结局，不是很明白为啥定街舞为叙事背景，这个故事走向可以套任何一种运动看得人很难受，看得人想问：大鹏现在和男主关系这么好吗？专门拍一部费力不讨好的电影来给他“喝彩”,2023-07-31 16:33:11,79
9,宫唯明,江苏,4,普普通通的模板商业电影，但个人觉得比《保你平安》要好一点，因为它的情绪更流畅，甚至在高潮阶段疯狂分泌你的肾上腺素，以至于可以忽略剧情和人物的缺陷。这倒是和我当年看《红海行动》的感觉类似，如今五年过去了，这种情绪一直引领且不泄的感觉却很难再感受到,2023-08-01 22:12:18,20
9,Joe,山西,3,个人感觉「吉祥如意」和「保你平安」是导演在拍电影的道路上前进了两步，「热烈」给人的感觉又倒退了一步，退回「缝纫机乐队」时期了。对于大鹏来说拍这样的电影太简单太过程式化了，期待他有更多的突破吧。,2023-07-29 20:55:36,99
9,耶加雪菲,天津,5,看过之后，脑海里还是留存了许多的片段，陈烁悄悄的躲在柱子后看着台上唱歌的妈妈，陈烁和丁教练在烧烤店之间的对话，最后惊叹号获得胜利的欢呼声，每一幕都很难让人忘怀，这部影片我会二刷。,2023-07-28 16:17:30,478
9,mdr skywalker,江苏,5,点映，笑点泪点燃点兼具，最后那场街舞大赛的感染力让我一个对街舞文化全无半点了解的门外汉都跟着燃了起来，随着音乐的响起，整个人都随着不同回合的舞步进入了这个世界。与《保你平安》不同的是，大鹏只选择了一个很套路的励志片剧本，它有这个通式下的诸多问题，扁平的人物，没有信服力的情节，但是行云流水的推进充分拿捏了观众的情绪，并且将街舞的属性在大银幕放大，黄渤充分发挥了他作为喜剧演员的属性，非常自然和生活，同时把夹在其中的不甘，热血消解在他的幽默当中，形成一个双向的互补，王一博演技上仍有欠缺，但刘敏涛在台上唱张三的歌那段他自然流下的眼泪非常触动我，街舞动作听说亲自上阵，完成度不错，岳云鹏和小沈阳等配角也贡献了很多的笑点，甄嬛传的梗玩的很6，总的来说，这是一部非常年轻的电影，值得去热血一把。（9/10）,2023-07-22 18:43:25,372
9,闲人,河北,3,完成度还不错的类型片，编剧技巧纯熟，尤其考虑到这几乎算某种程度上的定制电影。编剧聪明地让黄渤承担了大部分戏剧上的冲突任务，避免了表演上的灾难。但是作为一部街舞电影街舞场面拍得还不如综艺是最大的败笔，同时剧作也没能展现出街舞运动的特殊性以及街舞人真正的喜怒哀乐。,2023-07-27 21:39:40,21
9,着迹,广东,2,终于看到王一博大银幕上无表情以外的表演了，但就像人总有长开的时候，大概他还没碰上能演开的角色吧。不过已经可以确定的是，他显然不属于祖师爷赏饭的那一类表演者。作为竞技类体育比赛项目，电影所呈现的观赏性严重不足（我知道这是极易招喷的一句评论，“你行你上啊”），大多数表演还不如油管上刷到的街舞达人秀精彩，影片中的一些动作都快赶上亚洲舞王尼古拉斯·赵四的水平了。果然，舞蹈题材依旧是国产电影的软肋。好在我是奔着黄渤来的，并不是说他跳出了多高的水平，而是预告片、宣传海报中那种自信迎面向前的精气神很有范儿，再加上生活化纯熟的演技，这就是黄渤。2022国内什么地方可以举办这种规模的赛事？只要不换地方就又是架空，三星减一星。,2023-07-26 14:53:08,148
9,Chuck,上海,5,大鹏刚拿到影帝就捧着奖杯来到映后，大鹏老师真的是一步一个脚印，从小荧幕到大银幕，这次上影节我看的国产片应该是第一次影片中途观众就自发鼓掌，黄渤老师的能力不必多说，王一博也很适合这个角色，许多配角也是《这就是街舞》里的大神，小沈阳、蒋龙、张子贤、张祐维贡献了密集的笑点，看之前还在想怎么通过大银幕能让观众感受到街舞的燃呢，最后动漫般热血的大招做到了！,2023-06-18 02:20:16,1753
9,書衣偵探華斯比,上海,4,还是蛮热血的。,2023-07-29 22:53:44,2
9,Nolita,浙江,5,「点映首场」要怎么说明才能给那些说电影治好精神内耗/玉玉变开心的本以为是噱头实际上却这么奇效的观影体验打包票啊笑（至少肯定能治愈净化最近的烂片刺客综合症）anyway热烈！特别让人幸福的电影！我很少相信什么但我特别信那个吻那些眼神和那些眼泪全世界最能具象化「热爱」的男人><！！！！,2023-07-22 17:02:18,22
9,乌鸦火堂,北京,4,这类题材，大鹏还是会拍的，比缝纫机乐队更加娴熟。演员选得也靠谱，专业派和表演派搭档。作为理想主义励志电影，在这个现实话题与情绪价值横行的暑期档，还能取得一定的成绩，已经可以了。由于时长的原因，公映版为了保街舞内容，删除了一些生活化和日常的内容。使得故事有些单薄，有机会出个加长版的话，会更好。,2023-08-18 17:19:22,11
9,偷偷看月亮,陕西,1,老掉牙的剧情……,2023-07-29 13:50:05,800
9,深夜声噎,广东,4,整不错哦，大鹏自己不出演就，好很多，黄渤真牛和杭州真美加一星，封神埋汰了，如果学漫威应该像钢铁侠那样先整个姜子牙独立电影出来。,2023-07-22 18:54:26,235
9,糯米团,上海,4,不得不说大鹏是深谙让人流泪的王一博不是演戏这就是他本身吧人呆呆的好像没什么华彩但是跳舞贼用力贼持久最后疯狂为Kevin总打call卡斯柏太帅了～内娱需要您,2023-07-28 17:24:22,48
9,深藏blue,山东,4,这就是街舞电影版，剧情很燃，王一博很帅。虽然看不懂街舞，但有种想再去刷一遍这就是街舞的冲动,2023-07-22 16:40:53,424
9,沉冰,北京,3,陈祉希跟个中国好莱坞似的，老是那一套，可百试百灵。我不想让它百试百灵了。,2023-07-22 17:51:19,108
10,Mushibushi,广东,1,我还是很生气。有一说一，不怪脖子哥。别说热烈了，主题、剧情、人物、表演样样都没劲，俗、尬且无聊。唯一不单薄的是琐碎凌乱得仿佛抽疯了的掉帧式剪辑，保证不让人好好欣赏几个节奏的街舞。直接整个摄像机对着最后的舞蹈比赛直拍就行了，为了这一点醋愣是要包饺子，关键也没馅儿啊。,2023-07-28 12:45:55,8
10,tata,浙江,4,毕竟自己出现在片子里了，给个好评吧。凯文真帅，几个配角非常出彩，就是宋祖儿这个角色不知道是来干嘛的，感情戏是真尬。,2023-08-14 12:41:44,9
10,士多啤梨,重庆,5,with小谢第81部。意犹未尽，五月天主题曲出来的时候再次热泪盈眶，大鹏用真诚打动了观众，好久没有一部电影让观众反应如此热烈了。,2023-07-22 18:22:35,698
10,小溪笑嘻嘻,北京,4,前期各种人物和场景的设计都太刻意，有一种虚伪的接地气质感（大鹏电影的通病）；但到中后段当他不再讲这件事，只去讲舞蹈、讲团队之后，精气神就提起来了。黄渤演得好，也很久没见到他的好演技了～舞蹈和热血本身才是最燃的！,2023-07-30 21:27:43,0
10,BOBO.,江西,3,你以为是讲陈烁的故事？其实从始至终都是围绕丁教练的叙事！所以整个剧组都应该高低给黄渤磕一个。太工整了，可以说是基本毫无记忆点的工整，但在技术与艺术观赏性上都比前作上了一个台阶。遗憾的是，大鹏的很多小聪明最后都会落于俗套，毫无必要的角色设置，符号化的情绪过客，从本质上说依然是为了强烈目的而服务的作品，为杭州亚运会的到来，为了体育精神，或许也可以是为了王一博背后的资本。,2023-07-26 21:46:56,30
10,Ber_雪碧,北京,4,看了两遍，大鹏在不断进步，他自己也在采访里说现阶段最好的作品一定是这部。剧本之工整值得学习，加上演技在线的主演阵容们，和憋足劲儿飙戏的黄渤老师，没啥可说的。大鹏加油！,2023-08-12 23:39:46,0
10,超人叔叔,浙江,3,杭州本土出品搭上了亚运主旋律穿插熟悉的地标建筑至少都是真能跳也真会跳的,2023-07-27 20:23:58,16
10,花大叔爱电影,浙江,2,大鹏为自己开了一个类型片：励志片,2023-08-08 21:14:16,27
10,开膛手贝塔,四川,3,当《杀死那个石家庄人》变成了《杀不死的石家庄人》。就，中规中矩，渲染团魂也没啥，但对于街舞，感觉还是少了点什么。为了梦想的逆袭也没错，但总是有点铺垫不够，站不住脚。再仔细想想，少了的那一些，也许是因为听得太多，口号太响，以至于我们司空见惯，但对照生活却始终不能相信的东西吧。,2023-07-23 18:02:19,28
10,邹易,河北,3,陈烁妈妈唱歌那段戳泪点了；黄渤演技太好了。相对于街舞这种对抗性很强的艺术，故事就显得很平淡了。,2023-07-26 23:38:10,10
10,饿了就喝水,山东,5,这部电影最大的意义就是让更多人看到街舞的魅力，作为外行人看完电影后很惊艳，那种力量感激情四射的舞蹈，肾上腺素都飙升的燃，我想我会记住很久。,2023-07-28 17:45:05,439
10,我呼吸的空气,浙江,3,合格的亚运献礼片。公主号乐活杭州2023.7.27搜集了本片在杭州的13个取景地。battle场面剪辑过于花哨了点。如能剪掉15-20分钟会更好。,2023-08-03 21:39:16,0
10,LF,广东,3,这个电影里最不热烈就是王一博，他跳完舞甚至连滴汗都没有，实在是太珍惜他的乖乖仔人设了，完全没有放开。还有就是，不久前还在街边卖艺的小透明是如何在几周内训练成能单挑打赢全国冠军的街舞冠军的，这里面靠的是什么,2023-08-15 01:01:12,2
10,李小丢,河北,4,暑期档的片里，《热烈》是唯一让我看哭了的，不是说它是最好的，但是那种描述年轻人一往无前追逐梦想的样子，不可避免地会让人联想起年轻时的自己。现在想想，普通人能够为了自己心中的热爱不顾一切追梦的机会，可能有且只有年轻时那短短的几年，之后就得逐渐对现实生活妥协。所以，在我看来，《热烈》这个片名，意味着普通人一生中难得的为了自己热烈绽放的时刻，短暂却绚烂，因此，它可能是这个暑期档最燃的电影。黄渤和王一博都在这部电影里找到了最适合大银幕的打开方式，跳舞时的王一博和其他时间的王一博，简直判若两人，看了陈烁这个角色，很多人大概能get到他的魅力了。和陈烁一样，他也是个在自己喜欢且擅长的领域里闪闪发亮的人啊。“强者做选择，弱者被选择”，希望戏外的我们，也能像陈烁一样，坚持心中的热爱，努力成为生活中的强者。,2023-07-23 17:58:13,63
10,g1823,上海,5,希望出个导演剪辑版，加长版，把彪彪和舅舅的戏份都放出来。我毫无疑问更喜欢王一博的bking风格，王一博成名前比现在拽多了，糊的查无此人，拽的二五八万，而且跳舞的时候王一博很张狂。但是陈烁就像是我，出身贫寒，自卑而不善言谈，总是小心翼翼，畏手畏脚,2023-07-23 21:01:35,336
10,我酷死了！！！,河南,3,对于跳oldschool街舞的人来说，激励事件怎么会是触摸舞台就会有信念感呀，因为很多人看不懂freestyle，它也不符合团队精神的大部分内涵，所以该片更多还是强调了齐舞，但真实生活中breaking舞者大概不是这样吧。另外从编剧角度来说，我感觉刘敏涛这个角色更多是靠本人表演完成的，不在于编剧编得多出彩。,2023-08-09 01:19:55,5
10,就知道玩,山东,1,推广方面很舍得花钱！赞！谁翻车了，没翻车啊，翻车的是B站up们哈哈哈哈哈……哦不是，有些up早翻了,2023-07-30 15:49:26,5
10,Tom,湖南,4,大鹏真的是一步一个脚印地在进步，尝试不同题材的同时也找到了越来越鲜明的个人风格。整部片子都透着一股子倔强和赤诚，完全把街舞这项运动的魅力给表现出来了。这种体育赛事类的电影，最难的就是如何在观众已经知道结局的前提下保持戏剧张力，而本片在这一点上做得非常成功。,2023-07-24 23:18:15,104
10,宋旻浩,黑龙江,1,太难看了一星给黄渤最后20多分钟所谓的最燃时刻也就那样镜头切换的眼花（看完才知道原来用了替身em….,2023-07-28 17:47:01,13
10,淘金汉,江苏,3,看了八角后，感觉这部就是工业糖精堆起来的。不难看，技术也过硬，就是算太准了，缺了点味儿。,2023-07-28 13:02:43,27
